file,press,beep,target_ms,selftest_late_ms,stamp_late_ms,fit_late_ms,fit_rms_ms,flags
beep-selftest-legacy-20260923-081154-664.csv,1,1,71523362.315,61.827,61.745,51.927,0.229,
beep-selftest-legacy-20260923-081154-664.csv,1,2,71523862.315,61.828,61.746,51.934,0.229,
beep-selftest-legacy-20260923-081154-664.csv,1,3,71524362.315,61.831,61.749,51.941,0.230,
beep-selftest-legacy-20260923-081154-664.csv,1,4,71524862.315,61.835,61.754,51.949,0.230,
beep-selftest-legacy-20260923-081154-664.csv,1,5,71525362.315,61.861,61.779,51.954,0.230,
beep-selftest-legacy-20260923-081154-664.csv,2,1,71526739.373,64.795,64.714,54.908,0.231,
beep-selftest-legacy-20260923-081154-664.csv,2,2,71527239.373,64.796,64.715,54.912,0.231,
beep-selftest-legacy-20260923-081154-664.csv,2,3,71527739.373,64.804,64.722,54.916,0.231,
beep-selftest-legacy-20260923-081154-664.csv,2,4,71528239.373,64.806,64.724,54.921,0.230,
beep-selftest-legacy-20260923-081154-664.csv,2,5,71528739.373,64.817,64.735,54.925,0.230,
beep-selftest-legacy-20260923-081154-664.csv,3,1,71530133.828,60.374,60.292,50.481,0.230,
beep-selftest-legacy-20260923-081154-664.csv,3,2,71530633.828,60.383,60.302,50.485,0.229,
beep-selftest-legacy-20260923-081154-664.csv,3,3,71531133.828,60.386,60.305,50.489,0.229,
beep-selftest-legacy-20260923-081154-664.csv,3,4,71531633.828,60.382,60.301,50.493,0.229,
beep-selftest-legacy-20260923-081154-664.csv,3,5,71532133.828,60.405,60.323,50.496,0.229,
beep-selftest-legacy-20260923-081154-664.csv,4,1,71533499.773,64.445,64.364,54.565,0.229,
beep-selftest-legacy-20260923-081154-664.csv,4,2,71533999.773,64.454,64.373,54.569,0.228,
beep-selftest-legacy-20260923-081154-664.csv,4,3,71534499.773,64.460,64.378,54.573,0.229,
beep-selftest-legacy-20260923-081154-664.csv,4,4,71534999.773,64.461,64.379,54.577,0.229,
beep-selftest-legacy-20260923-081154-664.csv,4,5,71535499.773,64.460,64.378,54.581,0.229,
beep-selftest-legacy-20260923-081154-664.csv,5,1,71536893.858,60.414,60.333,50.506,0.230,
beep-selftest-legacy-20260923-081154-664.csv,5,2,71537393.858,60.395,60.313,50.510,0.230,
beep-selftest-legacy-20260923-081154-664.csv,5,3,71537893.858,60.400,60.318,50.514,0.230,
beep-selftest-legacy-20260923-081154-664.csv,5,4,71538393.858,61.239,61.157,50.518,0.230,
beep-selftest-legacy-20260923-081154-664.csv,5,5,71538893.858,60.426,60.345,50.521,0.230,
beep-selftest-legacy-20260923-081154-664.csv,6,1,71540260.443,63.835,63.754,53.948,0.230,
beep-selftest-legacy-20260923-081154-664.csv,6,2,71540760.443,63.840,63.759,53.952,0.231,
beep-selftest-legacy-20260923-081154-664.csv,6,3,71541260.443,63.867,63.785,53.957,0.230,
beep-selftest-legacy-20260923-081154-664.csv,6,4,71541760.443,63.849,63.767,53.962,0.230,
beep-selftest-legacy-20260923-081154-664.csv,6,5,71542260.443,63.847,63.766,53.965,0.231,
beep-selftest-legacy-20260923-081154-664.csv,7,1,71543637.725,56.585,56.503,46.695,0.230,
beep-selftest-legacy-20260923-081154-664.csv,7,2,71544137.725,56.578,56.497,46.698,0.231,
beep-selftest-legacy-20260923-081154-664.csv,7,3,71544637.725,57.424,57.342,46.702,0.231,
beep-selftest-legacy-20260923-081154-664.csv,7,4,71545137.725,56.595,56.513,46.707,0.231,
beep-selftest-legacy-20260923-081154-664.csv,7,5,71545637.725,56.597,56.515,46.711,0.231,
beep-selftest-legacy-20260923-081154-664.csv,8,1,71547001.492,62.868,62.786,52.959,0.230,
beep-selftest-legacy-20260923-081154-664.csv,8,2,71547501.492,62.837,62.756,52.963,0.231,
beep-selftest-legacy-20260923-081154-664.csv,8,3,71548001.492,62.857,62.775,52.968,0.230,
beep-selftest-legacy-20260923-081154-664.csv,8,4,71548501.492,62.849,62.768,52.972,0.230,
beep-selftest-legacy-20260923-081154-664.csv,8,5,71549001.492,62.858,62.777,52.976,0.230,
beep-selftest-legacy-20260923-081154-664.csv,9,1,71550379.359,64.999,64.917,55.120,0.229,
beep-selftest-legacy-20260923-081154-664.csv,9,2,71550879.359,65.002,64.920,55.124,0.229,
beep-selftest-legacy-20260923-081154-664.csv,9,3,71551379.359,65.007,64.926,55.127,0.230,
beep-selftest-legacy-20260923-081154-664.csv,9,4,71551879.359,65.034,64.953,55.132,0.230,
beep-selftest-legacy-20260923-081154-664.csv,9,5,71552379.359,65.046,64.964,55.135,0.229,
beep-selftest-legacy-20260923-081154-664.csv,10,1,71553766.876,57.509,57.427,47.628,0.229,
beep-selftest-legacy-20260923-081154-664.csv,10,2,71554266.876,57.514,57.432,47.632,0.230,
beep-selftest-legacy-20260923-081154-664.csv,10,3,71554766.876,57.521,57.440,47.636,0.230,
beep-selftest-legacy-20260923-081154-664.csv,10,4,71555266.876,57.526,57.445,47.640,0.230,
beep-selftest-legacy-20260923-081154-664.csv,10,5,71555766.876,57.529,57.447,47.644,0.230,
beep-selftest-legacy-20260923-081154-664.csv,11,1,71557148.028,56.397,56.316,46.502,0.232,
beep-selftest-legacy-20260923-081154-664.csv,11,2,71557648.028,56.389,56.308,46.505,0.232,
beep-selftest-legacy-20260923-081154-664.csv,11,3,71558148.028,56.395,56.313,46.508,0.232,
beep-selftest-legacy-20260923-081154-664.csv,11,4,71558648.028,56.400,56.318,46.512,0.232,
beep-selftest-legacy-20260923-081154-664.csv,11,5,71559148.028,56.402,56.321,46.515,0.232,
beep-selftest-legacy-20260923-081154-664.csv,12,1,71560536.037,58.412,58.331,48.515,0.233,
beep-selftest-legacy-20260923-081154-664.csv,12,2,71561036.037,58.411,58.330,48.520,0.233,
beep-selftest-legacy-20260923-081154-664.csv,12,3,71561536.037,58.410,58.329,48.524,0.232,
beep-selftest-legacy-20260923-081154-664.csv,12,4,71562036.037,59.254,59.173,48.527,0.233,
beep-selftest-legacy-20260923-081154-664.csv,12,5,71562536.037,58.417,58.336,48.531,0.232,
beep-selftest-legacy-20260923-081154-664.csv,13,1,71563894.933,59.546,59.465,49.648,0.231,
beep-selftest-legacy-20260923-081154-664.csv,13,2,71564394.933,59.538,59.456,49.653,0.232,
beep-selftest-legacy-20260923-081154-664.csv,13,3,71564894.933,59.545,59.463,49.657,0.231,
beep-selftest-legacy-20260923-081154-664.csv,13,4,71565394.933,60.386,60.305,49.661,0.230,
beep-selftest-legacy-20260923-081154-664.csv,13,5,71565894.933,59.571,59.489,49.666,0.230,
beep-selftest-legacy-20260923-081154-664.csv,14,1,71567260.482,64.014,63.933,54.130,0.230,
beep-selftest-legacy-20260923-081154-664.csv,14,2,71567760.482,64.025,63.943,54.135,0.229,
beep-selftest-legacy-20260923-081154-664.csv,14,3,71568260.482,64.020,63.939,54.140,0.228,
beep-selftest-legacy-20260923-081154-664.csv,14,4,71568760.482,64.027,63.946,54.144,0.229,
beep-selftest-legacy-20260923-081154-664.csv,14,5,71569260.482,64.041,63.960,54.147,0.229,
beep-selftest-legacy-20260923-081154-664.csv,15,1,71570608.009,56.516,56.434,46.630,0.230,
beep-selftest-legacy-20260923-081154-664.csv,15,2,71571108.009,56.520,56.438,46.634,0.230,
beep-selftest-legacy-20260923-081154-664.csv,15,3,71571608.009,56.552,56.471,46.638,0.230,
beep-selftest-legacy-20260923-081154-664.csv,15,4,71572108.009,56.527,56.446,46.642,0.232,
beep-selftest-legacy-20260923-081154-664.csv,15,5,71572608.009,56.533,56.452,46.645,0.232,
beep-selftest-legacy-20260923-081154-664.csv,16,1,71573955.330,59.223,59.142,49.335,0.232,
beep-selftest-legacy-20260923-081154-664.csv,16,2,71574455.330,59.224,59.142,49.340,0.232,
beep-selftest-legacy-20260923-081154-664.csv,16,3,71574955.330,59.232,59.150,49.343,0.232,
beep-selftest-legacy-20260923-081154-664.csv,16,4,71575455.330,59.232,59.151,49.347,0.232,
beep-selftest-legacy-20260923-081154-664.csv,16,5,71575955.330,60.078,59.996,49.352,0.233,
beep-selftest-legacy-20260923-081154-664.csv,17,1,71577356.713,57.866,57.784,47.979,0.233,
beep-selftest-legacy-20260923-081154-664.csv,17,2,71577856.713,57.874,57.792,47.984,0.232,
beep-selftest-legacy-20260923-081154-664.csv,17,3,71578356.713,58.714,58.632,47.990,0.231,
beep-selftest-legacy-20260923-081154-664.csv,17,4,71578856.713,57.904,57.822,47.994,0.231,
beep-selftest-legacy-20260923-081154-664.csv,17,5,71579356.713,57.906,57.824,47.998,0.231,
beep-selftest-legacy-20260923-081154-664.csv,18,1,71580744.020,60.592,60.511,50.702,0.231,
beep-selftest-legacy-20260923-081154-664.csv,18,2,71581244.020,60.592,60.510,50.707,0.231,
beep-selftest-legacy-20260923-081154-664.csv,18,3,71581744.020,60.611,60.530,50.711,0.231,
beep-selftest-legacy-20260923-081154-664.csv,18,4,71582244.020,60.601,60.520,50.715,0.231,
beep-selftest-legacy-20260923-081154-664.csv,18,5,71582744.020,60.606,60.524,50.720,0.230,
beep-selftest-legacy-20260923-081154-664.csv,19,1,71584094.467,60.185,60.104,50.283,0.231,
beep-selftest-legacy-20260923-081154-664.csv,19,2,71584594.467,61.011,60.930,50.287,0.231,
beep-selftest-legacy-20260923-081154-664.csv,19,3,71585094.467,60.188,60.107,50.291,0.231,
beep-selftest-legacy-20260923-081154-664.csv,19,4,71585594.467,60.199,60.118,50.296,0.230,
beep-selftest-legacy-20260923-081154-664.csv,19,5,71586094.467,60.194,60.112,50.301,0.230,
beep-selftest-legacy-20260923-081154-664.csv,20,1,71587472.575,62.928,62.846,52.205,0.231,
beep-selftest-legacy-20260923-081154-664.csv,20,2,71587972.575,62.090,62.008,52.207,0.232,
beep-selftest-legacy-20260923-081154-664.csv,20,3,71588472.575,62.097,62.016,52.211,0.232,
beep-selftest-legacy-20260923-081154-664.csv,20,4,71588972.575,62.105,62.023,52.214,0.232,
beep-selftest-legacy-20260923-081154-664.csv,20,5,71589472.575,62.103,62.022,52.218,0.232,
beep-selftest-legacy-20260923-081154-664.csv,21,1,71590825.334,59.358,59.276,49.471,0.232,
beep-selftest-legacy-20260923-081154-664.csv,21,2,71591325.334,59.369,59.287,49.474,0.233,
beep-selftest-legacy-20260923-081154-664.csv,21,3,71591825.334,59.379,59.298,49.478,0.232,
beep-selftest-legacy-20260923-081154-664.csv,21,4,71592325.334,59.364,59.283,49.483,0.233,
beep-selftest-legacy-20260923-081154-664.csv,21,5,71592825.334,59.373,59.291,49.487,0.232,
beep-selftest-legacy-20260923-081154-664.csv,22,1,71594221.357,63.362,63.281,53.478,0.232,
beep-selftest-legacy-20260923-081154-664.csv,22,2,71594721.357,63.363,63.282,53.482,0.231,
beep-selftest-legacy-20260923-081154-664.csv,22,3,71595221.357,63.372,63.290,53.487,0.231,
beep-selftest-legacy-20260923-081154-664.csv,22,4,71595721.357,63.373,63.291,53.491,0.232,
beep-selftest-legacy-20260923-081154-664.csv,22,5,71596221.357,63.384,63.302,53.496,0.232,
beep-selftest-legacy-20260923-081154-664.csv,23,1,71597600.037,64.713,64.631,54.828,0.233,
beep-selftest-legacy-20260923-081154-664.csv,23,2,71598100.037,64.725,64.644,54.832,0.233,
beep-selftest-legacy-20260923-081154-664.csv,23,3,71598600.037,64.717,64.635,54.835,0.233,
beep-selftest-legacy-20260923-081154-664.csv,23,4,71599100.037,64.748,64.667,54.840,0.232,
beep-selftest-legacy-20260923-081154-664.csv,23,5,71599600.037,64.757,64.676,54.843,0.232,
beep-selftest-legacy-20260923-081154-664.csv,24,1,71600979.470,65.310,65.228,55.422,0.232,
beep-selftest-legacy-20260923-081154-664.csv,24,2,71601479.470,65.312,65.231,55.426,0.232,
beep-selftest-legacy-20260923-081154-664.csv,24,3,71601979.470,65.313,65.231,55.429,0.231,
beep-selftest-legacy-20260923-081154-664.csv,24,4,71602479.470,65.317,65.235,55.433,0.232,
beep-selftest-legacy-20260923-081154-664.csv,24,5,71602979.470,65.316,65.235,55.437,0.232,
beep-selftest-legacy-20260923-081154-664.csv,25,1,71604349.438,65.393,65.311,55.482,0.231,
beep-selftest-legacy-20260923-081154-664.csv,25,2,71604849.438,65.372,65.290,55.486,0.231,
beep-selftest-legacy-20260923-081154-664.csv,25,3,71605349.438,66.213,66.132,55.490,0.231,
beep-selftest-legacy-20260923-081154-664.csv,25,4,71605849.438,65.380,65.298,55.496,0.231,
beep-selftest-legacy-20260923-081154-664.csv,25,5,71606349.438,65.383,65.301,55.499,0.231,
beep-selftest-deviceclock-20260923-081319-299.csv,1,1,71607888.569,25.517,25.435,15.633,0.231,
beep-selftest-deviceclock-20260923-081319-299.csv,1,2,71608388.569,26.337,26.255,15.615,0.230,
beep-selftest-deviceclock-20260923-081319-299.csv,1,3,71608888.569,25.502,25.421,15.619,0.230,
beep-selftest-deviceclock-20260923-081319-299.csv,1,4,71609388.569,25.504,25.422,15.622,0.231,
beep-selftest-deviceclock-20260923-081319-299.csv,1,5,71609888.569,25.517,25.435,15.626,0.231,
beep-selftest-deviceclock-20260923-081319-299.csv,2,1,71611256.457,25.478,25.397,15.594,0.231,
beep-selftest-deviceclock-20260923-081319-299.csv,2,2,71611756.457,25.507,25.425,15.620,0.231,
beep-selftest-deviceclock-20260923-081319-299.csv,2,3,71612256.457,25.520,25.439,15.625,0.232,
beep-selftest-deviceclock-20260923-081319-299.csv,2,4,71612756.457,24.676,24.594,14.791,0.232,
beep-selftest-deviceclock-20260923-081319-299.csv,2,5,71613256.457,25.493,25.411,15.611,0.233,
beep-selftest-deviceclock-20260923-081319-299.csv,3,1,71614619.791,25.504,25.423,15.622,0.232,
beep-selftest-deviceclock-20260923-081319-299.csv,3,2,71615119.791,25.521,25.440,15.625,0.232,
beep-selftest-deviceclock-20260923-081319-299.csv,3,3,71615619.791,25.516,25.434,15.629,0.232,
beep-selftest-deviceclock-20260923-081319-299.csv,3,4,71616119.791,24.689,24.607,14.795,0.231,
beep-selftest-deviceclock-20260923-081319-299.csv,3,5,71616619.791,25.500,25.419,15.615,0.232,
beep-selftest-deviceclock-20260923-081319-299.csv,4,1,71618028.489,25.498,25.417,15.613,0.231,
beep-selftest-deviceclock-20260923-081319-299.csv,4,2,71618528.489,25.504,25.422,15.616,0.230,
beep-selftest-deviceclock-20260923-081319-299.csv,4,3,71619028.489,25.500,25.419,15.621,0.230,
beep-selftest-deviceclock-20260923-081319-299.csv,4,4,71619528.489,25.507,25.426,15.626,0.230,
beep-selftest-deviceclock-20260923-081319-299.csv,4,5,71620028.489,26.331,26.250,15.607,0.230,
beep-selftest-deviceclock-20260923-081319-299.csv,5,1,71621379.765,25.495,25.414,15.614,0.232,
beep-selftest-deviceclock-20260923-081319-299.csv,5,2,71621879.765,24.667,24.585,14.779,0.231,
beep-selftest-deviceclock-20260923-081319-299.csv,5,3,71622379.765,25.507,25.426,15.622,0.232,
beep-selftest-deviceclock-20260923-081319-299.csv,5,4,71622879.765,25.518,25.436,15.626,0.232,
beep-selftest-deviceclock-20260923-081319-299.csv,5,5,71623379.765,25.516,25.434,15.631,0.232,
beep-selftest-deviceclock-20260923-081319-299.csv,6,1,71624787.589,25.508,25.426,15.619,0.232,
beep-selftest-deviceclock-20260923-081319-299.csv,6,2,71625287.589,25.508,25.426,15.623,0.232,
beep-selftest-deviceclock-20260923-081319-299.csv,6,3,71625787.589,26.327,26.246,15.604,0.232,
beep-selftest-deviceclock-20260923-081319-299.csv,6,4,71626287.589,25.522,25.440,15.608,0.231,
beep-selftest-deviceclock-20260923-081319-299.csv,6,5,71626787.589,25.518,25.437,15.634,0.230,
beep-selftest-deviceclock-20260923-081319-299.csv,7,1,71628144.248,25.527,25.446,15.607,0.231,
beep-selftest-deviceclock-20260923-081319-299.csv,7,2,71628644.248,25.523,25.441,15.636,0.231,
beep-selftest-deviceclock-20260923-081319-299.csv,7,3,71629144.248,26.341,26.259,15.618,0.230,
beep-selftest-deviceclock-20260923-081319-299.csv,7,4,71629644.248,25.527,25.446,15.644,0.230,
beep-selftest-deviceclock-20260923-081319-299.csv,7,5,71630144.248,25.505,25.424,15.625,0.230,
beep-selftest-deviceclock-20260923-081319-299.csv,8,1,71631527.681,25.513,25.431,15.627,0.231,
beep-selftest-deviceclock-20260923-081319-299.csv,8,2,71632027.681,26.333,26.251,15.610,0.230,
beep-selftest-deviceclock-20260923-081319-299.csv,8,3,71632527.681,25.495,25.414,15.613,0.230,
beep-selftest-deviceclock-20260923-081319-299.csv,8,4,71633027.681,25.517,25.435,15.617,0.231,
beep-selftest-deviceclock-20260923-081319-299.csv,8,5,71633527.681,25.485,25.404,15.599,0.231,
beep-selftest-deviceclock-20260923-081319-299.csv,9,1,71634934.578,25.516,25.434,15.629,0.231,
beep-selftest-deviceclock-20260923-081319-299.csv,9,2,71635434.578,24.684,24.603,14.794,0.231,
beep-selftest-deviceclock-20260923-081319-299.csv,9,3,71635934.578,25.549,25.467,15.638,0.232,
beep-selftest-deviceclock-20260923-081319-299.csv,9,4,71636434.578,25.505,25.424,15.620,0.233,
beep-selftest-deviceclock-20260923-081319-299.csv,9,5,71636934.578,25.485,25.404,15.601,0.232,
beep-selftest-deviceclock-20260923-081319-299.csv,10,1,71638317.803,24.675,24.594,14.789,0.233,
beep-selftest-deviceclock-20260923-081319-299.csv,10,2,71638817.803,25.497,25.415,15.610,0.233,
beep-selftest-deviceclock-20260923-081319-299.csv,10,3,71639317.803,25.499,25.417,15.614,0.233,
beep-selftest-deviceclock-20260923-081319-299.csv,10,4,71639817.803,25.527,25.445,15.642,0.233,
beep-selftest-deviceclock-20260923-081319-299.csv,10,5,71640317.803,25.514,25.433,15.624,0.233,
beep-selftest-deviceclock-20260923-081319-299.csv,11,1,71641715.266,25.493,25.412,15.610,0.232,
beep-selftest-deviceclock-20260923-081319-299.csv,11,2,71642215.266,25.498,25.416,15.614,0.232,
beep-selftest-deviceclock-20260923-081319-299.csv,11,3,71642715.266,25.527,25.445,15.642,0.231,
beep-selftest-deviceclock-20260923-081319-299.csv,11,4,71643215.266,25.564,25.482,15.647,0.231,
beep-selftest-deviceclock-20260923-081319-299.csv,11,5,71643715.266,24.671,24.589,14.790,0.231,
beep-selftest-deviceclock-20260923-081319-299.csv,12,1,71645069.256,25.500,25.418,15.620,0.231,
beep-selftest-deviceclock-20260923-081319-299.csv,12,2,71645569.256,25.511,25.430,15.622,0.230,
beep-selftest-deviceclock-20260923-081319-299.csv,12,3,71646069.256,26.350,26.268,15.625,0.230,
beep-selftest-deviceclock-20260923-081319-299.csv,12,4,71646569.256,25.494,25.412,15.607,0.230,
beep-selftest-deviceclock-20260923-081319-299.csv,12,5,71647069.256,25.522,25.440,15.634,0.230,
beep-selftest-deviceclock-20260923-081319-299.csv,13,1,71648429.967,25.504,25.423,15.615,0.230,
beep-selftest-deviceclock-20260923-081319-299.csv,13,2,71648929.967,25.503,25.422,15.620,0.231,
beep-selftest-deviceclock-20260923-081319-299.csv,13,3,71649429.967,26.347,26.265,15.624,0.231,
beep-selftest-deviceclock-20260923-081319-299.csv,13,4,71649929.967,25.512,25.431,15.628,0.231,
beep-selftest-deviceclock-20260923-081319-299.csv,13,5,71650429.967,25.221,25.140,15.338,0.230,
beep-selftest-deviceclock-20260923-081319-299.csv,14,1,71651808.514,25.505,25.424,15.624,0.231,
beep-selftest-deviceclock-20260923-081319-299.csv,14,2,71652308.514,26.327,26.246,15.606,0.231,
beep-selftest-deviceclock-20260923-081319-299.csv,14,3,71652808.514,25.495,25.413,15.610,0.230,
beep-selftest-deviceclock-20260923-081319-299.csv,14,4,71653308.514,25.499,25.417,15.613,0.230,
beep-selftest-deviceclock-20260923-081319-299.csv,14,5,71653808.514,25.525,25.443,15.618,0.230,
beep-selftest-deviceclock-20260923-081319-299.csv,15,1,71655197.603,25.516,25.435,15.610,0.231,
beep-selftest-deviceclock-20260923-081319-299.csv,15,2,71655697.603,25.510,25.429,15.613,0.232,
beep-selftest-deviceclock-20260923-081319-299.csv,15,3,71656197.603,24.661,24.579,14.780,0.231,
beep-selftest-deviceclock-20260923-081319-299.csv,15,4,71656697.603,25.508,25.427,15.622,0.232,
beep-selftest-deviceclock-20260923-081319-299.csv,15,5,71657197.603,25.512,25.431,15.626,0.232,
beep-selftest-deviceclock-20260923-081319-299.csv,16,1,71658568.655,25.534,25.452,15.626,0.232,
beep-selftest-deviceclock-20260923-081319-299.csv,16,2,71659068.655,25.498,25.417,15.585,0.233,
beep-selftest-deviceclock-20260923-081319-299.csv,16,3,71659568.655,25.483,25.401,15.590,0.233,
beep-selftest-deviceclock-20260923-081319-299.csv,16,4,71660068.655,25.522,25.440,15.616,0.233,
beep-selftest-deviceclock-20260923-081319-299.csv,16,5,71660568.655,25.483,25.401,15.598,0.232,
beep-selftest-deviceclock-20260923-081319-299.csv,17,1,71661975.103,25.509,25.428,15.625,0.232,
beep-selftest-deviceclock-20260923-081319-299.csv,17,2,71662475.103,25.514,25.433,15.629,0.232,
beep-selftest-deviceclock-20260923-081319-299.csv,17,3,71662975.103,25.522,25.441,15.633,0.233,
beep-selftest-deviceclock-20260923-081319-299.csv,17,4,71663475.103,25.498,25.416,15.615,0.232,
beep-selftest-deviceclock-20260923-081319-299.csv,17,5,71663975.103,25.507,25.426,15.620,0.232,
beep-selftest-deviceclock-20260923-081319-299.csv,18,1,71665334.199,25.491,25.410,15.604,0.232,
beep-selftest-deviceclock-20260923-081319-299.csv,18,2,71665834.199,25.496,25.414,15.609,0.232,
beep-selftest-deviceclock-20260923-081319-299.csv,18,3,71666334.199,25.519,25.438,15.635,0.232,
beep-selftest-deviceclock-20260923-081319-299.csv,18,4,71666834.199,26.342,26.260,15.616,0.233,
beep-selftest-deviceclock-20260923-081319-299.csv,18,5,71667334.199,25.531,25.450,15.619,0.233,
beep-selftest-deviceclock-20260923-081319-299.csv,19,1,71668725.216,25.522,25.440,15.637,0.232,
beep-selftest-deviceclock-20260923-081319-299.csv,19,2,71669225.216,26.343,26.261,15.619,0.231,
beep-selftest-deviceclock-20260923-081319-299.csv,19,3,71669725.216,25.512,25.430,15.622,0.232,
beep-selftest-deviceclock-20260923-081319-299.csv,19,4,71670225.216,25.508,25.426,15.627,0.232,
beep-selftest-deviceclock-20260923-081319-299.csv,19,5,71670725.216,25.500,25.419,15.610,0.232,
beep-selftest-deviceclock-20260923-081319-299.csv,20,1,71672087.780,25.508,25.427,15.620,0.231,
beep-selftest-deviceclock-20260923-081319-299.csv,20,2,71672587.780,26.347,26.265,15.624,0.231,
beep-selftest-deviceclock-20260923-081319-299.csv,20,3,71673087.780,25.509,25.427,15.630,0.231,
beep-selftest-deviceclock-20260923-081319-299.csv,20,4,71673587.780,25.492,25.410,15.611,0.231,
beep-selftest-deviceclock-20260923-081319-299.csv,20,5,71674087.780,25.517,25.436,15.638,0.231,
beep-selftest-deviceclock-20260923-081319-299.csv,21,1,71675448.937,25.529,25.448,15.624,0.232,
beep-selftest-deviceclock-20260923-081319-299.csv,21,2,71675948.937,26.352,26.270,15.629,0.232,
beep-selftest-deviceclock-20260923-081319-299.csv,21,3,71676448.937,25.493,25.412,15.611,0.232,
beep-selftest-deviceclock-20260923-081319-299.csv,21,4,71676948.937,25.520,25.439,15.638,0.233,
beep-selftest-deviceclock-20260923-081319-299.csv,21,5,71677448.937,25.504,25.423,15.620,0.233,
beep-selftest-deviceclock-20260923-081319-299.csv,22,1,71678820.787,25.499,25.418,15.616,0.233,
beep-selftest-deviceclock-20260923-081319-299.csv,22,2,71679320.787,25.487,25.406,15.597,0.233,
beep-selftest-deviceclock-20260923-081319-299.csv,22,3,71679820.787,25.506,25.425,15.625,0.233,
beep-selftest-deviceclock-20260923-081319-299.csv,22,4,71680320.787,25.491,25.410,15.607,0.232,
beep-selftest-deviceclock-20260923-081319-299.csv,22,5,71680820.787,25.497,25.416,15.611,0.233,
beep-selftest-deviceclock-20260923-081319-299.csv,23,1,71682219.005,25.540,25.459,15.635,0.232,
beep-selftest-deviceclock-20260923-081319-299.csv,23,2,71682719.005,24.663,24.582,14.779,0.232,
beep-selftest-deviceclock-20260923-081319-299.csv,23,3,71683219.005,25.505,25.424,15.621,0.231,
beep-selftest-deviceclock-20260923-081319-299.csv,23,4,71683719.005,25.511,25.429,15.624,0.232,
beep-selftest-deviceclock-20260923-081319-299.csv,23,5,71684219.005,25.515,25.434,15.628,0.231,
beep-selftest-deviceclock-20260923-081319-299.csv,24,1,71685617.100,25.507,25.426,15.619,0.231,
beep-selftest-deviceclock-20260923-081319-299.csv,24,2,71686117.100,25.512,25.430,15.623,0.232,
beep-selftest-deviceclock-20260923-081319-299.csv,24,3,71686617.100,25.490,25.409,15.604,0.232,
beep-selftest-deviceclock-20260923-081319-299.csv,24,4,71687117.100,25.520,25.438,15.631,0.231,
beep-selftest-deviceclock-20260923-081319-299.csv,24,5,71687617.100,25.497,25.415,15.612,0.231,
beep-selftest-deviceclock-20260923-081319-299.csv,25,1,71688986.151,25.504,25.423,15.617,0.231,
beep-selftest-deviceclock-20260923-081319-299.csv,25,2,71689486.151,25.519,25.438,15.621,0.231,
beep-selftest-deviceclock-20260923-081319-299.csv,25,3,71689986.151,26.353,26.271,15.623,0.229,
beep-selftest-deviceclock-20260923-081319-299.csv,25,4,71690486.151,25.524,25.442,15.625,0.229,
beep-selftest-deviceclock-20260923-081319-299.csv,25,5,71690986.151,25.509,25.427,15.603,0.230,
